{"cameraMode":{"drawMode":0,"name":"Shaded","section":"Shading Mode"},"sceneLighting":true,"audioPlay":false,"sceneViewState":{"m_AlwaysRefresh":false,"showFog":true,"showSkybox":true,"showFlares":true,"showImageEffects":true,"showParticleSystems":true,"showVisualEffectGraphs":true,"m_FxEnabled":true},"in2DMode":false,"pivot":{"x":0.17222604155540467,"y":0.14236271381378175,"z":0.013709336519241333},"rotation":{"x":0.09548800438642502,"y":0.5498049855232239,"z":-0.0634501501917839,"w":0.8273980617523193},"size":0.25443777441978457,"orthographic":false}